NO;ACCREDITATION;DOI;TITLE;JOURNAL;PUBLISHER;DATE PUBLISH;
1;S3;DOI: 10.20473/rlj.V6-I2.2020.128-135;E-learning in the Department of Library Science of UIN Alauddin Makassar Based on Claroline;Record and Library Journal;D3 Perpustakaan Fakultas Vokasi Universitas Airlangga;2020-10-13;
2;S4;DOI: 10.24252/literatify.v1i2.16007;Analysis of the Implementation INLISlite (Integrated Library System);Literatify: Trends in Library Developments;UPT Perpustakaan UIN Alauddin Makassar;2020-09-18;
3;S4;DOI: 10.24252/ltld.v1i1.12567;Experiences of UIN Alauddin Library Data Migration from the Old System to A New One;Literatify: Trends in Library Developments;UPT Perpustakaan UIN Alauddin Makassar;2020-02-27;
4;S3;DOI: 10.30812/varian.v3i2.666;Model Regresi Multivariat Terhadap Tingkat Kesejahteraan Kabupaten/Kota Di Sulawesi Selatan;Jurnal Varian;Universitas Bumigora;2020-04-30;
5;S5;DOI: 10.24252/msa.v8i2.15228;HARGA OPSI CALL TIPE EROPA MENGGUNAKAN SIMULASI MONTE CARLO STANDAR DAN TEKNIK ANTITHETIC VARIATES;Jurnal MSA ( Matematika dan Statistika serta Aplikasinya);Universitas Islam Negeri Alauddin Makassar;2020-12-23;
6;S5;DOI: 10.24252/msa.v8i1.19364;ANALISIS PENGENDALIAN KUALITAS STATISTIK GULA RAFINASI DENGAN PETA KENDALI MULTIVARIAT T-SQUARE (STUDI KASUS: PT. MAKASSAR TENE);Matematika dan Statistika serta Aplikasinya;Universitas Islam Negeri Alauddin Makassar;2021-06-29;
7;S5;DOI: 10.24252/insypro.v5i2.19410;SISTEM PENUNJANG KEPUTUSAN PENERIMAAN RETRIBUSI PADA DINAS PERMUKIMAN DAN KEBERSIHAN MENGGUNAKAN ALGORITMA NAÃÂVE BAYES;Jurnal INSYPRO (Information System and Processing);Prodi Sistem Informasi UIN Alauddin;2021-02-10;
8;S5;DOI: 10.24252/insypro.v5i1.15506;Maksimalisasi Constraint pada Sistem Manajemen Basisdata Relasional;Jurnal INSYPRO (Information System and Processing);Prodi Sistem Informasi UIN Alauddin;2020-05-28;
9;S3;DOI: 10.31598/sintechjournal.v3i1.542;RANCANG BANGUN SISTEM INFORMASI PARIWISATA SULAWESI SELATAN BERBASIS ANDROID DENGAN MENGGUNAKAN METODE PROTOTYPING;SINTECH (Science and Information Technology) Journal;LPPM STMIK STIKOM Indonesia;2020-04-19;
10;S4;DOI: 10.35585/inspir.v10i2.2580;Rancang Bangun Sistem Cerdas Pemberian Nilai Otomatis Untuk Ujian Essai Menggunakan Algoritma Cosine Similarity;Inspiration: Jurnal Teknologi Informasi dan Komunikasi;STMIK AKBA;2020-12-30;
11;S3;DOI: 10.12928/jrkpf.v7i1.15664;Hambatan guru fisika dalam menerapkan pembelajaran saintifik berbasis kurikulum 2013 di SMA;Jurnal Riset dan Kajian Pendidikan Fisika;Universitas Ahmad Dahlan;2020-04-30;
12;S5;DOI: 10.24252/elties.v2i1.11275;DEVELOPING INSTRUCTIONAL MATERIALS BASED ON INQUIRY LEARNING MODEL;ELTIES : English Language Teaching for EFL Learners;Universitas islam Negeri Alauddin Makassar;2020-03-29;
13;S5;DOI: 10.24252/elties.v2i1.11235;DEVELOPING INQUIRY LEARNING-BASED ENGLISH INSTRUCTIONAL MATERIALS FOR THE SEVENTH GARDE OF JUNIOR HIGH SCHOOL;ELTIES : English Language Teaching for EFL Learners;Universitas islam Negeri Alauddin Makassar;2020-03-29;
14;S5;DOI: 10.24252/elties.v2i2.11252;DEVELOPING INQUIRY LEARNING MODEL-BASED ENGLISH INSTRUCTIONAL MATERIALS FOR THE SEVENTH GRADE OF JUNIOR HIGH SCHOOL;ELTIES : English Language Teaching for EFL Learners;Universitas islam Negeri Alauddin Makassar;2020-09-30;
15;-;DOI: 10.21043/jetli.v3i2.8582;Developing English Printed Material on Theme of Plant for Early Young Learners at Paud Terpadu Joy Kids Makassar;Journal of English Teaching and Learning Issues;Institut Agama Islam Negeri Kudus;2020-12-21;
16;S2;DOI: 10.21043/jetli.v3i2.8582;Developing English Printed Material on Theme of Plant for Early Young Learners at Paud Terpadu Joy Kids Makassar;Journal of English Teaching and Learning Issues;Institut Agama Islam Negeri Kudus;2020-12-21;
17;S4;DOI: 10.36706/JPS.9.1.2020.11753;WATER LETTUCE MEAL FLOUR COULD SUBSTITUTE OTHER FEED INGREDIENTS IN KAMPONG CHICKEN;Jurnal Peternakan Sriwijaya;Department of Animal Sciences, Faculty of Agriculture, Sriwijaya University, Indonesia;2020-08-22;
18;-;DOI: 10.31327/chalaza.v5i1.1255;Percentage of Carcass and Protein Content of Breast Meat of Native Chicken Given Apu-Apu Flour (Pistia stratiotes);Chalaza Journal of Animal Husbandry;UNIVERSITAS SEMBILANBELAS NOVEMBER KOLAKA;2020-06-30;
19;S3;DOI: 10.24252/jiip.v6i2.18315;Persentase Mortalitas Embrio Burung Puyuh yang Diberikan Ekstrak Daun Mengkudu sebagai Disinfektan Alami dalam Proses Penetasan;Jurnal Ilmu dan Industri Peternakan;State Islamic University (UIN) Alauddin;2020-12-31;
20;-;DOI: 10.31327/chalaza.v5i2.1303;Performance Chickens Kedu, Arab and Its Cross Breeds (Poncin) Of Distribution Content Protein Of Growth Fase (Age 0 -12 Week);Chalaza Journal of Animal Husbandry;UNIVERSITAS SEMBILANBELAS NOVEMBER KOLAKA;2020-12-31;
21;S4;DOI: 10.31327/chalaza.v5i2.1303;Performance Chickens Kedu, Arab and Its Cross Breeds (Poncin) Of Distribution Content Protein Of Growth Fase (Age 0 -12 Week);Chalaza Journal of Animal Husbandry;UNIVERSITAS SEMBILANBELAS NOVEMBER KOLAKA;2020-12-31;
22;S4;DOI: 10.31327/chalaza.v5i1.1255;Percentage of Carcass and Protein Content of Breast Meat of Native Chicken Given Apu-Apu Flour (Pistia stratiotes);Chalaza Journal of Animal Husbandry;UNIVERSITAS SEMBILANBELAS NOVEMBER KOLAKA;2020-06-30;
23;S3;DOI: 10.22373/biotik.v8i2.8194;SKRINING FITOKIMIA DAN AKTIVITAS ANTIOKSIDAN EKSTRAK ETIL ASETAT CENDAWAN ENDOFIT Aspergillus sp.;Biotik;Universitas Islam Negeri Ar-Raniry;2021-01-07;
24;-;DOI: 10.24252/asma.v2i2.16444;PROBLEM SOLVING: SUATU PENDEKATAN PEMBELAJARAN UNTUK MENINGKATKAN HASIL BELAJAR PESERTA DIDIK;Al Asma: Journal of Islamic Education;Faculty of Tarbiyah and Teacher Training;2020-11-18;
25;-;DOI: 10.24252/asma.v2i1.13389;GEOGEBRA: SOFTWARE DALAM PENGEMBANGAN BAHAN AJAR TRANSFORMASI GEOMETRI;Al Asma: Journal of Islamic Education;Faculty of Tarbiyah and Teacher Training;2020-05-31;
26;-;DOI: 10.24252/ajme.v2i2.17669;Pengembangan C-Math Berbasis Macromedia Flash Pada Pokok Bahasan Lingkaran Siswa Kelas VIII MTsN;Alauddin Journal of Mathematics Education;Department of Mathematics Education;2020-11-29;
27;-;DOI: 10.24252/ajme.v2i1.13713;Efektivitas Pembelajaran The Power of Two Terhadap Hasil Belajar Matematika;Alauddin Journal of Mathematics Education;Department of Mathematics Education;2020-05-31;
28;S3;DOI: 10.31004/cendekia.v4i2.322;Pengembangan Media Pembelajaran MathSC Berbasis Android Menggunakan App Inventor 2 Pada Materi Barisan dan Deret Aritmatika;Jurnal Cendekia : Jurnal Pendidikan Matematika;Mathematics Education Study Program;2020-10-18;
29;S4;DOI: 10.24252/ip.v9i2.14938;ANALISIS NILAI-NILAI KEBANGSAAN DAN KEBHINEKAAN DI MADRASAH MADANI ALAUDDIN MAKASSAR;Inspiratif Pendidikan;Universitas Islam Negeri Alauddin Makassar;2020-07-23;
30;S4;DOI: 10.24252/jpf.v8i2.14320;Perbandingan Pemahaman Konsep Peserta Didik Melalui Pembelajaran POE dan Pembelajaran Inkuiri Bebas Termodifikasi;JPF (Jurnal Pendidikan Fisika) Universitas Islam Negeri Alauddin Makassar;Pendidikan Fisika UIN Alauddin Makassar;2020-09-15;
31;S5;DOI: 10.22460/ceria.v3i2.p%p;PEMANFAATAN LIMBAH BOTOL UNTUK MENINGKATKAN KREATIVITAS ANAK;CERIA (Cerdas Energik Responsif Inovatif Adaptif);IKIP Siliwangi;2020-03-09;
32;S3;DOI: 10.24252/nature.v7i1a9;PENERAPAN KONSEP PENGHAWAAN ALAMI PADA DESAIN SANATORIUM DI KABUPATEN GOWA;Nature : National Academic Journal of Architecture;Department of Architecture, Faculty of Science and Technology, Alauddin State Islamic University;2020-06-29;
33;S5;DOI: 10.36709/jb.v5i3.13216;KONFLIK DALAM NOVEL CINTA DALAM DIAM KARYA SHINEEMINKA;Jurnal Bastra (Bahasa dan Sastra);FKIP UNIVERSITAS HALU OLEO;2020-07-31;
34;S5;DOI: 10.36709/jb.v5i1.13535;NILAI MORAL DALAM NOVEL KERLIP SANG BINTANG YANG HILANG KARYA ANNA AZLINA;Jurnal Bastra (Bahasa dan Sastra);FKIP UNIVERSITAS HALU OLEO;2020-01-05;
35;S2;DOI: 10.26578/jrti.v14i2.6479;Formulasi Mocaf, Tepung Ubi Jalar Ungu dan Jelai Terhadap Sifat Sensoris, Antioksidan, Nilai Gizi, Profil FTIR dan Indeks Glikemik Beras Analog;Jurnal Riset Teknologi Industri;Balai Riset dan Standardisasi Industri Samarinda;2020-12-29;
36;-;DOI: 10.32814/jpms.v5i1.115;Profil Metabolit Akar Temelekar (Coptosapelta tomentosa Valeton ex K.Heyne) Dengan Metode Kemometrik;Jurnal Farmasi dan Ilmu Pengobatan;STIFA Makassar;2020-06-08;
37;-;DOI: 10.32814/jpms.v5i1.116;Penetapan Kadar Fenolik Dan Flavonoid Total Ekstrak Daun Mangkokan (Polyscias scutellaria);Jurnal Farmasi dan Ilmu Pengobatan;STIFA Makassar;2020-07-12;
38;-;DOI: 10.24252/timpalaja.v2i1a1;Penerapan Konsep Fasad Rumah Tradisional Takalar pada Desain Pasar Sentral;TIMPALAJA;the Department of Architecture, Faculty of Science and Technology, Alauddin Islamic University of Makassar;2020-06-30;
39;S2;DOI: 10.30603/au.v20i1.1146;Distribusi Zakat Mal Berbasis Al-'Adl dalam Meningkatkan Kesejahteraan Mustahiq (Studi Laznas Baitul Mal Hidayatullah Sulawesi Selatan);Al-Ulum;Institut Agama Islam Negeri (IAIN) Sultan Amai Gorontalo;2020-05-23;
40;S4;DOI: 10.24252/teknosains.v14i1.12938;PERBANDINGAN EFISIENSI SEL FOTOVOLTAIK BERBASIS DSSC DARI EKSTRAK ZAT WARNA SEGAR DAN KERING TUMBUHAN SECANG, TARUM DAN PACAR KUKU;Teknosains;Fakultas Sains dan Teknologi Universitas Islam Negeri Alauddin Makassar;2020-01-30;
41;S5;DOI: 10.24252/jft.v7i2.18501;DESAIN DAN KONSTRUKSI PENYULING AIR ASIN MENJADI AIR TAWAR (SOLAR STILL) YANG MUDAH, MURAH DAN MEMILIKI EFISIENSI TINGGI;JFT : Jurnal Fisika dan Terapannya;Universitas Islam Negeri Alauddin Makassar;2021-01-27;
42;-;DOI: 10.24252/asma.v2i1.13380;PENGEMBANGAN MEDIA PEMBELAJARAN INTERAKTIF BERBASIS MULTIMEDIA;Al Asma: Journal of Islamic Education;Faculty of Tarbiyah and Teacher Training;2020-05-31;
43;-;DOI: 10.24252/asma.v2i2.17340;META-ANALISIS PEMBELAJARAN REALISTIC MATHEMATICS EDUCATION (RME) TERHADAP HASIL BELAJAR MATEMATIKA;Al Asma: Journal of Islamic Education;Faculty of Tarbiyah and Teacher Training;2020-11-30;
44;-;DOI: 10.24252/ajme.v2i1.13603;Penerapan Model Pembelajaran Think Pair Share dan Two Stay-Two Stray Terhadap Kemampuan Pemahaman Konsep dan Pemecahan Masalah Matematika;Alauddin Journal of Mathematics Education;Department of Mathematics Education;2020-05-31;
45;-;DOI: 10.24252/ajme.v2i2.17365;Analisis Kesulitan Siswa dalam Menyelesaikan Soal Cerita Sistem Persamaan Linear Dua Variabel pada Siswa Kelas VIII SMP;Alauddin Journal of Mathematics Education;Department of Mathematics Education;2020-11-29;
46;S5;DOI: 10.19109/elidare.v6i2.6838;Pengaruh Manajemen Terhadap Akreditasi Madrasah Tsanawiyah Se-Kecamatan Tellusiattinge Kabupaten Bone;El-Idare;Program Studi Manajemen Pendidikan Islam Fak. Ilmu Tarbiyah dan Keguruan;2020-12-21;
47;S2;DOI: 10.24252/lp.2020v23n2i4.;THE EFFECT OF PRINCIPALS' COMPETENCIES ON ACCREDITATION IN MADRASAH TSANAWIYAH THROUGHOUT TELLU SIATTINGE DISTRICT BONE REGENCY;Lentera Pendidikan : Jurnal Ilmu Tarbiyah dan Keguruan;Faculty of Tarbiyah and Teacher Training Universitas Islam Negeri Alauddin Makassar;2020-12-27;
48;S3;DOI: 10.24252/jdi.v8i3.17839;THE PROGRESS OF ISLAMIC BOARDING SCHOOL IN DEVELOPING STUDENT MORALS (Case Study in Islamic Boarding School of Darul Abrar, Bone);Jurnal Diskursus Islam;Pascasarjana UIN Alauddin Makassar;2020-12-29;
49;S3;DOI: 10.24252/jdi.v8i3.12365;THE REALITY OF LEARNING AND CAPACITY-BASED FULFILLMENT AT DARUL MA'ARIF ISLAMIC BOARDING SCHOOL IN JAYAPURA;Jurnal Diskursus Islam;Pascasarjana UIN Alauddin Makassar;2020-12-31;
50;-;;PENGEMBANGAN PERANGKAT PEMBELAJARAN TEMATIK BERBASIS SCIENTIFIC APPROACH PADA TEMA PERTUMBUHAN DAN PERKEMBANGAN MAKHLUK HIDUP DENGAN SUBTEMA CIRI-CIRI MAKHLUK HIDUP DI KELAS III MI NASRUL HAQ MAKASSAR;JIPMI (Jurnal Ilmiah Pendidikan Madrasah Ibtidaiyah);Universitas Islam Negeri Alauddin Makassar;2020-02-18;
51;S3;DOI: 10.22373/jm.v10i1.4583;PENGUASAAN KETERAMPILAN DASAR MENGAJAR MAHASISWA PRAKTIK PENGALAMAN LAPANGAN FAKULTAS TARBIYAH DAN KEGURUAN UIN ALAUDDIN MAKASSAR;Jurnal Mudarrisuna: Media Kajian Pendidikan Agama Islam;Universitas Islam Negeri Ar-Raniry Banda Aceh;2020-05-03;
52;S4;DOI: 10.24252/idaarah.v4i2.17731;TINJAUAN RISET MAHASISWA PROGRAM STUDI MAGISTER MANAJEMEN PENDIDIKAN ISLAM PASCASARJANA UIN ALAUDDIN MAKASSAR (Analisis Kecenderungan dan Bidang Kajian Penelitian Mahasiswa);Idaarah: Jurnal Manajemen Pendidikan;Universitas Islam Negeri Alauddin Makassar;2020-12-14;
53;S5;DOI: 10.24256/alw.v5i1.1821;TELAAH KESYARIâAHAN ZAKAT BURUNG WALET DI KECAMATAN DUA BOCCOE KABUPATEN GOWA;Al-Amwal : Journal of Islamic Economic Law;Hukum Ekonomi Syariah, Fakultas Syariah, IAIN Palopo;2021-03-26;
54;S4;DOI: 10.24252/nananeke.v3i1.14176;CAPAIAN DAN STIMULASI ASPEK PERKEMBANGAN SENI PADA ANAK KEMBAR USIA 5 TAHUN;NANAEKE: Indonesian Journal on Early Childhood Education;Early Childhood Islamic Education;2020-06-30;
55;S2;DOI: 10.31004/obsesi.v4i1.333;Meningkatkan Kemandirian Anak melalui Pembelajaran Metode Montessori;Jurnal Obsesi : Jurnal Pendidikan Anak Usia Dini;LPPM Universitas Pahlawan Tuanku Tambusai;2019-12-23;
56;-;DOI: 10.24252/asma.v2i2.17245;PERANAN SENAM OTAK DALAM MENINGKATKAN FUNGSI MEMORI JANGKA PENDEK PADA ANAK;Al Asma: Journal of Islamic Education;Faculty of Tarbiyah and Teacher Training;2020-11-30;
57;-;DOI: 10.24252/asma.v2i1.13472;GAYA BELAJAR PESERTA DIDIK DITINJAU DARI PERBEDAAN JENIS KELAMIN;Al Asma: Journal of Islamic Education;Faculty of Tarbiyah and Teacher Training;2020-05-31;
58;S3;DOI: 10.24042/djm.v3i3.6831;The Influence of Jigsaw-type Cooperative Learning Model on Students' Mathematics Learning Outcomes and Motivation;Desimal: Jurnal Matematika;Universitas Islam Negeri Raden Intan Lampung;2020-09-30;
59;S4;DOI: 10.21274/martabat.2020.4.1.1-22;DAMPAK NEGATIF PENGGUNAAN GADGET BERDASARKAN ASPEK PERKEMBANGAN ANAK DI SOROWAKO;Martabat: Jurnal Perempuan dan Anak;UIN Sayyid Ali Rahmatullah Tulungagung, Indonesia;2020-08-31;
60;S5;DOI: 10.32528/bioma.v5i1.3672;PENGARUH PENERAPAN METODE GALLERY WALK TERHADAP MINAT BELAJAR PESERTA DIDIK BIOLOGI;BIOMA;Universitas Muhammadiyah Jember;2020-09-29;
61;S2;DOI: 10.29240/alquds.v4i1.1254;Perbandingan Kemampuan Konsentrasi Belajar Setelah Mendengar Al-Qur'an: Antara Murattal dan Tilawah;AL QUDS : Jurnal Studi Alquran dan Hadis;Institut Agama Islam Negeri (IAIN) Curup;2020-05-11;
62;-;DOI: 10.22373/psikoislamedia.v5i1.6138;Pengaruh Kecerdasan Emosional Terhadap Hasil Belajar Biologi Peserta Didik;Psikoislamedia : Jurnal Psikologi;State Islamic University (UIN) Ar-Raniry;2020-11-26;
63;S5;DOI: 10.32678/as-sibyan.v5i2.2699;Capaian Perkembangan Fisik Motorik Dan Stimulasinya Pada Anak Usia 3-4 Tahun;As-Sibyan: Jurnal Pendidikan Anak Usia Dini;UIN Sultan Maulana Hasanuddin Banten;2020-12-30;
64;S4;DOI: 10.30813/psibernetika.v13i2.2316;PENGARUH EFIKASI DIRI MELALUI KEMAMPUAN BERPIKIR POSITIF TERHADAP PRESTASI BELAJAR MAHASISWA;Psibernetika;Universitas Bunda Mulia;2020-11-13;
65;S3;DOI: 10.15642/jeced.v2i2.686;Analisis Capaian Perkembangan Sosial Anak Usia 11 Bulan Berdasarkan Standar Tingkat Pencapaian Perkembangan Anak;JECED : Journal of Early Childhood Education and Development;Program Studi Pendidikan Islam Anak Usia Dini, UIN Sunan Ampel Surabaya;2020-12-31;
66;S4;DOI: 10.24252/nananeke.v3i2.17096;METODE BERMAIN BERPERAN DALAM PERKEMBANGAN MORAL ANAK;NANAEKE: Indonesian Journal on Early Childhood Education;Early Childhood Islamic Education;2020-12-29;
67;S3;DOI: 10.17977/um052v12i1p16-21;PENGARUH KEMAMPUAN BERPIKIR KREATIF PESERTA DIDIK MELALUI PEMBELAJARAN MODEL LEARNING CYCLE ENGAGEMENT EXPLORATION EXPLANATION ELABORATION DAN EVALUATION DISERTAI MIND MAPPING;Jurnal Pendidikan Biologi;Universitas Negeri Malang;2020-08-09;
68;S4;DOI: 10.26877/paudia.v9i2.6235;CAPAIAN PERKEMBANGAN BAHASA DAN STIMULASINYA PADA ANAK USIA 4 TAHUN;PAUDIA : Jurnal Penelitian dalam Bidang Pendidikan Anak Usia Dini;Universitas PGRI Semarang;2020-12-01;
69;S2;DOI: 10.24252/lp.2020v23n2i7.;HOMESCHOOLING: AN ALTERNATIVE TO NEW NORMAL ADAPTATION OF LEARNING;Lentera Pendidikan : Jurnal Ilmu Tarbiyah dan Keguruan;Faculty of Tarbiyah and Teacher Training Universitas Islam Negeri Alauddin Makassar;2020-12-27;
70;S3;DOI: 10.24127/gdn.v10i2.2993;Penggunaan Warna terhadap Memori Jangka Pendek: Pendekatan Biopsikologi dalam Pembelajaran;GUIDENA: Jurnal Ilmu Pendidikan, Psikologi, Bimbingan dan Konseling;Universitas Muhammadiyah Metro;2020-12-30;
71;S5;DOI: 10.32528/bioma.v5i1.3672;PENGARUH PENERAPAN METODE GALLERY WALK TERHADAP MINAT BELAJAR PESERTA DIDIK BIOLOGI;BIOMA;Universitas Muhammadiyah Jember;2020-09-29;
72;-;DOI: 10.24252/al-ahya.v2i1.11369;PERBANDINGAN MOTIVASI BELAJAR BIOLOGI SISWA SEKOLAH FULL DAY DENGAN SEKOLAH REGULAR;Al-AHYA: Jurnal Pendidikan Biologi;Department of Biology Education of Universitas Islam Negeri Alauddin Makassar;2020-08-30;
73;-;DOI: 10.24252/asma.v2i1.13236;PENGEMBANGAN LEMBAR KERJA PESERTA DIDIK BERBASIS PENEMUAN TERBIMBING PADA MATERI BANGUN RUANG;Al Asma: Journal of Islamic Education;Faculty of Tarbiyah and Teacher Training;2020-05-31;
74;-;DOI: 10.24252/asma.v2i2.16569;ANALISIS BUTIR SOAL UJIAN AKHIR SEKOLAH;Al Asma: Journal of Islamic Education;Faculty of Tarbiyah and Teacher Training;2020-11-30;
75;-;DOI: 10.24252/ajme.v2i2.17364;Analisis Butir Soal Ujian Akhir Sekolah (UAS) Mata Pelajaran Matematika;Alauddin Journal of Mathematics Education;Department of Mathematics Education;2020-11-30;
76;-;DOI: 10.24252/ajme.v2i1.13358;Komparasi Penerapan Metode Pembelajaran Make A Match dan Think Pair Share Terhadap Hasil dan Minat Belajar Matematika Siswa;Alauddin Journal of Mathematics Education;Department of Mathematics Education;2020-05-31;
77;S3;DOI: 10.24252/kesehatan.v1i1.18166;STUDI AKTIVITAS INHIBITOR TIROSINASE DAN KADAR FENOLIK TOTAL EKSTRAK METANOL JAMUR TIRAM PUTIH (Pleurotus ostreatus);Jurnal Kesehatan;Universitas Islam Negeri Alauddin Makassar;2020-12-25;
78;S3;DOI: 10.24252/kesehatan.v1i1.15294;KARAKTERISASI MIKROKRISTALIN SELULOSA DARI KULIT JAGUNG PULUT (Zea mays L. Var Ceratina Kulesh);Jurnal Kesehatan;Universitas Islam Negeri Alauddin Makassar;2021-01-09;
79;-;DOI: 10.24252/jurfar.v8i2.14495;PENGUJIAN AKTIVITAS INHIBITOR ENZIM TIROSINASE EKSTRAK N-HEKSAN DARI UMBI WORTEL (Daucus carrota L.);Jurnal Farmasi UIN Alauddin Makassar;Universitas Islam Negeri Alauddin Makassar;2020-12-05;
80;S4;DOI: 10.24252/djps.v3i1.14036;Physicochemical Properties of Palm Oil Fraction (Elaeis guineensis Jacq);Ad-Dawaa: Journal of Pharmaceutical Sciences;Universitas Islam Negeri Alauddin Makassar;2020-07-01;
81;-;DOI: 10.24252/jfuinam.v8i1.2569;UJI EFEK ANTIINFLAMASI EKSTRAK ETANOL DAN EKSTRAK n- HEKSAN BIJI JINTAN HITAM (Nigella sativa L.) TERHADAP MENCIT (Mus musculus).;Jurnal Farmasi UIN Alauddin Makassar;Universitas Islam Negeri Alauddin Makassar;2020-03-10;
82;S3;DOI: 10.24252/kesehatan.v1i1.18220;AKTIVITAS PENGHAMBATAN ENZIM TIROSINASE EKSTRAK METANOL KLIKA ANAK DARA (Croton oblongus Burm F.);Jurnal Kesehatan;Universitas Islam Negeri Alauddin Makassar;2020-12-25;
83;S3;DOI: 10.24252/kesehatan.v1i1.18406;UJI AKTIVITAS ANTI INFLAMASI EKSTRAK ETANOL DAUN BUNI (Antidesma bunius L. Spreng) TERHADAP TIKUS PUTIH (Rattus norvegicus);Jurnal Kesehatan;Universitas Islam Negeri Alauddin Makassar;2020-12-25;
84;S2;DOI: 10.24252/as.v12i1.14359;Relation of food intake to nutritional status of students in islamic boarding schools;Al-Sihah : The Public Health Science Journal;Program Studi Kesehatan Masyarakat UIN Alauddin Makassar;2020-06-30;
85;-;DOI: 10.24252/asma.v2i2.16264;PENGEMBANGAN BAHAN AJAR BERBASIS MULTIPLE INTELLIGENCES UNTUK MENINGKATKAN KEMAMPUAN BERPIKIR KRITIS;Al Asma: Journal of Islamic Education;Faculty of Tarbiyah and Teacher Training;2020-11-23;
86;-;DOI: 10.24252/ajme.v2i1.13965;Pengembangan Media Pembelajaran Qbata Berbasis Android Menggunakan Macromedia Flash Professional;Alauddin Journal of Mathematics Education;Department of Mathematics Education;2020-05-31;
87;-;DOI: 10.24252/ajme.v2i2.17370;Perbandingan Penerapan Model Discovery Learning dan Problem Based Learning Terhadap Kemampuan Pemahaman Matematis Siswa;Alauddin Journal of Mathematics Education;Department of Mathematics Education;2020-11-29;
88;S4;DOI: 10.24252/lamaisyir.v7i1.13496;Tinjauan Metode Screening Saham Syariah Pada Bursa Efek Indonesia;LAA MAISYIR: Jurnal Ekonomi Islam;Universitas Islam Negeri Alauddin Makassar;2020-06-20;
89;S3;DOI: 10.33019/ijbe.v4i2.267;Existence Of Company Size In Control Towards Family Ownership And Debt Policy Value Of Companies;Integrated Journal of Business and Economics (IJBE);Fakultas Ekonomi, Universitas Bangka Belitung;2020-06-12;
90;S5;DOI: 10.24256/alw.v5i1.1590;AL-ADL SEBAGAI UNSUR HUKUM EKONOMI ISLAM PADA IMPLEMENTASI KEBIJAKAN TAX AMNESTY DI TERNATE;Al-Amwal : Journal of Islamic Economic Law;Hukum Ekonomi Syariah, Fakultas Syariah, IAIN Palopo;2021-10-15;
91;S2;DOI: 10.24252/minds.v7i2.16538;Optimization of Islamic Institute Role in Promoting Sharia Banking in Indonesia;Jurnal Minds: Manajemen Ide dan Inspirasi;Management Department, Universitas Islam Negeri Alauddin Makassar, Indonesia;2020-12-08;
92;S4;DOI: 10.24252/iqtisaduna.v1i1.16321;The Effect of Company Sizes and Net Working Capital on Cash Holding With Profitability as Intervening Variables in Food and Beverage Sub Sector Companies Registered in Indonesia Stock Exchange;Jurnal Iqtisaduna;Universitas Islam Negeri Alauddin Makassar;2020-10-08;
93;-;DOI: 10.25105/mrbm.v20i1.6215;Perbandingan Faktor yang Memengaruhi Keputusan Investor Muda dalam Berinvestasi Konvensional atau Syariah di Kota Makassar;Media Riset Bisnis & Manajemen;Universitas Trisakti;2020-07-16;
94;S4;;Penilaian Risiko Kesehatan Lingkungan dari Personal Hygiene dan Sanitasi Terhadap Keluhan Penyakit Kulit di Pulau Badi Kabupaten Pangkep;HIGIENE: Jurnal Kesehatan Lingkungan;Public Health Department, Universitas Islam Negeri Alauddin Makassar;2020-06-08;
95;S4;;Efektivitas Penurunan Kadar Besi (Fe) dan Kekeruhan pada Air Tanah dengan Penambahan Media Kulit Ubi Kayu (Manihot esculenta crantz);HIGIENE: Jurnal Kesehatan Lingkungan;Public Health Department, Universitas Islam Negeri Alauddin Makassar;2020-06-08;
96;S4;;Efektivitas Ekstrak Daun Sidaguri (Sida Rhombifoli L) Terhadap Kematian Larva AedesÂ aegypti;HIGIENE: Jurnal Kesehatan Lingkungan;Public Health Department, Universitas Islam Negeri Alauddin Makassar;2020-06-08;
97;S4;;Uji Daya Tolak Ekstrak Daun Belimbing Wuluh (Averrhoa bilimbi) Terhadap Lalat Rumah (Musca domestica);HIGIENE: Jurnal Kesehatan Lingkungan;Public Health Department, Universitas Islam Negeri Alauddin Makassar;2020-06-08;
98;-;DOI: 10.33648/ijoaser.v3i3.65;The Dialogue of Multicultural Education and Harmony in Prosperity Based on the Qurâan;International Journal on Advanced Science, Education, and Religion;Sekolah Tinggi Agama Islam Al-Furqan, Makassar - Indonesia;2020-11-17;
99;S3;DOI: 10.24252/jdi.v8i2.15597;COMMUNAL COMMUNITY READING ON SURAH AL WAQIAH (STUDY OF AL-QURAN RECEPTION IN PP AL MAWADDAH WARRAHMAH KOLAKA);Jurnal Diskursus Islam;Pascasarjana UIN Alauddin Makassar;2020-08-09;
100;S3;DOI: 10.24252/jdi.v8i3.12677;THE APPLICATION OF SAFINDA METHOD IN TRANSLATION LEARNING AL-QUR'AN IN STUDENTS IN FATTAHUL MULUK PAPUA;Jurnal Diskursus Islam;Pascasarjana UIN Alauddin Makassar;2020-12-31;
101;S2;DOI: 10.24252/jad.v20i2a5;METHODOLOGY OF INTERPRETATION OF MUHAMMAD AMIN AL-SYINQITI;Jurnal Adabiyah: Humanities and Islamic Studies;Faculty of Adab and Humanities - Alauddin State Islamic University of Makassar;2020-12-29;
102;S5;DOI: 10.33648/ijoaser.v3i3.65;The Dialogue of Multicultural Education and Harmony in Prosperity Based on the Qurâan;International Journal on Advanced Science, Education, and Religion;Sekolah Tinggi Agama Islam Al-Furqan, Makassar - Indonesia;2020-11-17;
103;S5;DOI: 10.33648/ijoaser.v3i3.65;The Dialogue of Multicultural Education and Harmony in Prosperity Based on the Qurâan;International Journal on Advanced Science, Education, and Religion;Sekolah Tinggi Agama Islam Al-Furqan, Makassar - Indonesia;2020-11-17;
104;S3;DOI: 10.24252/jdi.v8i3.17837;APPLICATION OF INTEGRATED LEARNING STRATEGY OF PROFIT NETWORK IN INCREASING LEARNING OUTCOMES OF AL QUR'AN HADIS (Case Study of Class XI MAN IC Gowa);Jurnal Diskursus Islam;Pascasarjana UIN Alauddin Makassar;2020-12-30;
105;S3;DOI: 10.24252/mapan.2020v8n1a10;EFFECTIVENESS OF DISCOVERY LEARNING MODEL ON STUDENTS' MATHEMATICAL PROBLEM SOLVING ABILITY;MaPan : Jurnal Matematika dan Pembelajaran;Department of Mathematics Education Faculty of Tarbiyah and Teacher Training Universitas Islam Negeri Alauddin Makassar;2020-06-29;
106;S4;DOI: 10.24252/jpf.v8i1.7837;ANALISIS PENENTUAN STANDAR NILAI KRITERIA KETUNTASAN MINIMAL (KKM) MATA PELAJARAN FISIKA KELAS XI SMAN 17 MAKASSAR;JPF (Jurnal Pendidikan Fisika) Universitas Islam Negeri Alauddin Makassar;Pendidikan Fisika UIN Alauddin Makassar;2020-03-16;
107;-;DOI: 10.24252/asma.v2i1.12429;PERBANDINGAN KEMAMPUAN KOMUNIKASI MATEMATIS SISWA YANG MENGGUNAKAN METODE SILIH TANYA BERBANTUAN KARTU MODEL DAN METODE MAKE A MATCH;Al Asma: Journal of Islamic Education;Faculty of Tarbiyah and Teacher Training;2020-05-31;
108;-;DOI: 10.24252/ajme.v2i1.12430;Perbandingan Kemampuan Pemahaman Konsep Matematis Siswa antara Media Macromedia Flash dan Media Powerpoint dalam Model Pembelajaran Kooperatif Tipe Two Stay Two Stray;Alauddin Journal of Mathematics Education;Department of Mathematics Education;2020-05-31;
109;S4;DOI: 10.24252/idaarah.v4i1.13602;KESESUAIAN ANTARA RENCANA PELAKSANAAN PEMBELAJARAN DENGAN PELAKSANAAN PEMBELAJARAN PADA GURU MATEMATIKA KURIKULUM 2013;Idaarah: Jurnal Manajemen Pendidikan;Universitas Islam Negeri Alauddin Makassar;2020-06-21;
110;S3;DOI: 10.26858/jdm.v8i2.9148;The Cooperative Learning Comparison of Student Teams Achievement Division Type and Teams Assisted Individualization type Toward The Studentsâ Mathematical Communication Skill;Daya Matematis: Jurnal Inovasi Pendidikan Matematika;Universitas Negeri Makassar;2020-09-16;
111;S2;DOI: 10.24042/tadris.v5i1.6283;COVID-19 Outbreak on Environment: Profile of Islamic University Students in HOTS-AEP-COVID-19 and PEB-COVID-19;Tadris: Jurnal Keguruan dan Ilmu Tarbiyah;Universitas Islam Negeri Raden Intan Lampung;2020-06-30;
112;S4;DOI: 10.24252/teknosains.v14i1.12940;PENGELOMPOKAN KABUPATEN/KOTA DI SULAWESI SELATAN BERDASARKAN INDIKATOR KESEHATAN DENGAN MENGGUNAKAN METODE AVERAGE LINKAGE;Teknosains;Fakultas Sains dan Teknologi Universitas Islam Negeri Alauddin Makassar;2020-01-30;
113;S5;DOI: 10.24252/msa.v8i1.14569;Estimasi Kejadian Covid-19 Secara Real Time menggunakan R Programming;Jurnal MSA ( Matematika dan Statistika serta Aplikasinya);Universitas Islam Negeri Alauddin Makassar;2020-07-06;
114;S5;DOI: 10.24252/msa.v8i2.17409;Pemodelan Jumlah Kematian Ibu di Provinsi Sulawesi Selatan Menggunakan Regresi Binomial Negatif;Jurnal MSA ( Matematika dan Statistika serta Aplikasinya);Universitas Islam Negeri Alauddin Makassar;2020-12-23;
115;S4;DOI: 10.24252/aldev.v2i1.13273;KEKUATAN ALAT BUKTI KETERANGAN AHLI KEDOKTERAN JIWA DALAM PERADILAN PIDANA;Alauddin Law Development Journal (ALDEV);Law Department, Universitas Islam Negeri Alauddin Makassar;2020-03-25;
116;S4;DOI: 10.24252/aldev.v2i2.15357;Penyelesaian Ganti Kerugian Asuransi Kecelakaan Terhadap Penumpang Kendaraan Umum;Alauddin Law Development Journal (ALDEV);Law Department, Universitas Islam Negeri Alauddin Makassar;2020-08-16;
117;S4;DOI: 10.24252/aldev.v2i3.14431;Peran dan Tanggung Jawab Legal Officer;Alauddin Law Development Journal (ALDEV);Law Department, Universitas Islam Negeri Alauddin Makassar;2020-11-21;
118;S4;DOI: 10.24252/aldev.v2i1.13268;PENERAPAN SANKSI PIDANA TERHADAP ANAK DI BAWAH UMUR PENGEMUDI KENDARAAN BERMOTOR YANG MENYEBABKAN KEMATIAN;Alauddin Law Development Journal (ALDEV);Law Department, Universitas Islam Negeri Alauddin Makassar;2020-03-19;
119;S4;DOI: 10.24252/aldev.v2i2.15385;Analisis Hukum Terhadap Tindak Pidana Begal Pemotong Tangan;Alauddin Law Development Journal (ALDEV);Law Department, Universitas Islam Negeri Alauddin Makassar;2020-08-16;
120;S4;DOI: 10.24252/al-risalah.v20i1.15328;CERMINAN LEGITIMASI PEMERINTAHAN ISLAM DI MASA PANDEMI;Al-Risalah;Universitas Islam Negeri Alauddin Makassar;2020-08-29;
121;S6;DOI: 10.24252/shautuna.v1i3.15465;"BATAS USIA PERNIKAHAN DALAM ISLAM; Analisis Ulama Mazhab Terhadap Batas Usia Nikah";Shautuna: Jurnal Ilmiah Mahasiswa Perbandingan Mazhab dan Hukum;Universitas Islam Negeri Alauddin Makassar;2020-07-22;
122;S5;DOI: 10.24252/elties.v2i1.10269;THE INFLUENCE OF WORD CHAIN GAME ON INCREASING THE EIGHTH GRADE STUDENTSâ VOCABULARY AT MTS BARANA JENEPONTO;ELTIES : English Language Teaching for EFL Learners;Universitas islam Negeri Alauddin Makassar;2020-03-29;
123;S5;DOI: 10.24252/elties.v2i2.12663;THE CORRELATION BETWEEN STUDENTSâ INTEREST AND THEIR READING COMPREHENSION LEVEL IN SHORT PASSAGES;ELTIES : English Language Teaching for EFL Learners;Universitas islam Negeri Alauddin Makassar;2020-09-30;
124;S5;DOI: 10.24252/msa.v8i2.14613;MODEL EPIDEMIK SIR PADA KASUS COVID-19 DI INDONESIA;Jurnal MSA ( Matematika dan Statistika serta Aplikasinya);Universitas Islam Negeri Alauddin Makassar;2020-12-23;
125;S5;DOI: 10.37888/bjra.v3i1.208;MENELAAH PERILAKU KEPATUHAN WAJIB PAJAK YANG TERDAFTAR PADA KPP PRATAMA PALU;Bongaya Journal for Research in Accounting (BJRA);STIEM BONGAYA;2020-05-31;
126;S5;DOI: 10.37888/bjra.v3i1.208;MENELAAH PERILAKU KEPATUHAN WAJIB PAJAK YANG TERDAFTAR PADA KPP PRATAMA PALU;Bongaya Journal of Research in Accounting (BJRA);STIEM BONGAYA;2020-05-31;
127;S2;DOI: 10.24042/albayan.v12i2.6468;Gender Mainstreaming in Arabic Literature;Jurnal Al Bayan : Jurnal Jurusan Pendidikan Bahasa Arab;Universitas Islam Negeri Raden Intan Lampung;2020-09-02;
128;S4;DOI: 10.24252/idaarah.v4i1.7894;PENDEKATAN SUPERVISI PENDIDIKAN;Idaarah: Jurnal Manajemen Pendidikan;Universitas Islam Negeri Alauddin Makassar;2020-06-08;
129;S5;DOI: 10.24252/al-qadau.v7i2.15330;Kaidah Pembagian Harta Warisan Masyarakat di Kecamatan Tellu Siattinge Kabupaten Bone dalam Pandangan Hukum Islam;Jurnal Al-Qadau: Peradilan dan Hukum Keluarga Islam;Jurusan Hukum Acara Peradilan dan Kekeluargaan;2020-12-24;
130;S4;DOI: 10.24252/al-risalah.v20i2.20690;POLEMICS 0F POWER IN ISLAMIC LAW PERSPECTIVE;Al-Risalah;Universitas Islam Negeri Alauddin Makassar;2020-11-18;
131;S6;DOI: 10.24252/shautuna.v1i3.14908;EFEKTIVITAS KURSUS CALON PENGANTIN TERHADAP PENCEGAHAN PERCERAIAN (Studi Kasus di Kantor Urusan Agama Ajangale Kabupaten Bone);Shautuna: Jurnal Ilmiah Mahasiswa Perbandingan Mazhab dan Hukum;Universitas Islam Negeri Alauddin Makassar;2020-07-22;
132;S1;DOI: 10.4308/hjb.27.1.8;Banana Flower-Insect Interaction: Alpha-Pinene as Potential Attractant for the Insect Vector of Banana Blood Disease;HAYATI Journal of Biosciences;Bogor Agricultural University, Indonesia;2020-01-01;
133;S4;DOI: 10.35593/apaji.v2i1.7;"BUDAYA SIRIâ; REJUVENANTING OF THE CREATIVE PROFESSION MENUJU PEACE GOVERNANCE FRAMEWORK";Accounting Profession Journal (APAJI);Program Studi Akuntansi Fakultas Ekonomi dan Bisnis Universitas Kristen Indonesia Paulus;2020-01-29;
134;S4;DOI: 10.29303/jseh.v6i1.74;"Social Accounting; Tendensi Kemaslahatan Publik dibalik Kenaikan Tarif BPJS Kesehatan di Indonesia";JURNAL SOSIAL EKONOMI DAN HUMANIORA;LPPM Universitas Mataram;2020-06-25;
135;S4;DOI: 10.24252/jiap.v6i1.14471;MENGUNGKAP KEBIJAKAN MANAJEMEN PUBLIK UNTUK MEWUJUDKAN GOOD CORPORATE GOVERNANCE DALAM PRESPEKTIF DIALOGIS DIGITAL (STUDI KASUS GRAB CABANG MAKASSAR);Jurnal Ilmiah Akuntansi Peradaban;Jurnal Ilmiah Akuntansi Peradaban;2020-06-29;
136;S4;DOI: 10.24252/jiap.v6i2.19938;GOVERNMENT BUDGET POLICY RELATED TO LOCKDOWN COVID19: A POLITICAL PRESSURE STUDY;Jurnal Ilmiah Akuntansi Peradaban;Universitas Islam Negeri Alauddin Makassar;2021-02-26;
137;S4;DOI: 10.24252/lamaisyir.v7i2.16035;PSAK 109: The Efforts to realize Zakat Governance in Baznas Province of South Sulawesi;LAA MAISYIR : Jurnal Ekonomi Islam;Universitas Islam Negeri Alauddin Makassar;2020-12-21;
138;-;DOI: 10.24252/isafir.v1i2.17603;CARBON TAX: ALTERNATIF KEBIJAKAN PENGURANGAN EXTERNAL DISECONOMIES EMISI KARBON;ISAFIR: Islamic Accounting and Finance Review;Universitas Islam Negeri Alauddin Makassar;2020-12-31;
139;-;DOI: 10.24252/isafir.v1i1.17610;SANKSI PAJAK SEBAGAI PEMODERASI FAKTOR-FAKTOR PENENTU PENDAPATAN ASLI DAERAH;ISAFIR: Islamic Accounting and Finance Review;Universitas Islam Negeri Alauddin Makassar;2020-12-31;
140;S4;;"Social Accounting; Tendensi Kemaslahatan Publik dibalik Kenaikan Tarif BPJS Kesehatan di Indonesia";JURNAL SOSIAL EKONOMI DAN HUMANIORA;Universitas Mataram;2020-06-25;
141;-;DOI: 10.53861/abdimas.v1i1.66;"Peluang Usaha ""Pembuatan Sabun Cuci Piring"" Untuk Meningkatkan Pendapatan Keluarga Di Kelurahan Paropo Kec. Panakukang Kota Makassar";Lontara Abdimas : Jurnal Pengabdian Kepada Masyarakat;Lembaga Penelitian Dan Pengabdian Masyarakat Politeknik Kesehatan Muhammadiyah Makassar;2020-11-18;
142;-;;Pelatihan Teknik Penulisan Artikel Ilmiah Internasional Bereputasi dan Nasional Terakreditasi Mahasiswa Program Pascasarjana Universitas Negeri Makassar;Seminar Nasional Pengabdian Kepada Masyarakat;Seminar Nasional Pengabdian Kepada Masyarakat;2020-11-10;
143;S4;DOI: 10.24252/assets.v10i1.14759;EFEK MEDIASI PERILAKU KEUANGAN DAN DAMPAK KEPUASAN KEUANGAN MASYARAKAT DI KOTA MAKASSAR;Assets: Jurnal Ekonomi, Manajemen, dan Akuntansi;Universitas Islam Negeri Alauddin Makassar;2020-07-18;
144;S2;DOI: 10.22373/ej.v7i2.6472;EFL learners' difficulties in the structure and written expression section of TOEFL test in an Indonesian university;Englisia: Journal of Language, Education, and Humanities;Universitas Islam Negeri Banda Aceh;2020-07-02;
145;S3;DOI: 10.14421/jsr.v15i1.1955;FORMAT PEMILU SERENTAK PASCA PUTUSAN MK NO. 55/2019: Kajian dan Analisis Sosiologi Politik;Jurnal Sosiologi Reflektif;Universitas Islam Negeri Sunan Kalijaga Yogyakarta;2020-11-09;
146;-;DOI: 10.24252/asma.v2i1.13458;IMPLEMENTASI STRATEGI BELAJAR KOOPERATIF MURDER TERHADAP PEMAHAMAN KONSEP FISIKA PESERTA DIDIK;Al Asma: Journal of Islamic Education;Faculty of Tarbiyah and Teacher Training;2020-05-31;
147;-;DOI: 10.24252/ajme.v2i2.17240;Tingkat Kesiapan Penerapan E-Learning Jurusan Pendidikan Matematika;Alauddin Journal of Mathematics Education;Department of Mathematics Education;2020-11-29;
148;S4;DOI: 10.24252/jpf.v8i2.14202;PENGEMBANGAN MULTIMEDIA INTERAKTIF FISIKA BERBASIS MOBILE LEARNING PENGGUNAAN WEBSITE BUILDER;JPF (Jurnal Pendidikan Fisika) Universitas Islam Negeri Alauddin Makassar;Pendidikan Fisika UIN Alauddin Makassar;2020-10-05;
149;-;;ANALISIS EFEKTIVITAS IMPLEMENTASI BUDAYA LITERASI DI MIN 1 KOTA MAKASSAR;JIPMI (Jurnal Ilmiah Pendidikan Madrasah Ibtidaiyah);Universitas Islam Negeri Alauddin Makassar;2020-08-18;
150;-;DOI: 10.24252/asma.v2i1.13361;PROFIL GURU HARAPAN MASA DEPAN;Al Asma: Journal of Islamic Education;Faculty of Tarbiyah and Teacher Training;2020-05-31;
151;-;DOI: 10.24252/asma.v2i2.16915;PENANAMAN NILAI-NILAI PENDIDIKAN ISLAM DALAM PEMBINAAN KARAKTER PESERTA DIDIK;Al Asma: Journal of Islamic Education;Faculty of Tarbiyah and Teacher Training;2020-11-28;
152;S5;DOI: 10.24252/jft.v7i1.13484;STUDI ANALISIS KOEFISIEN ABSORBSI PAPAN AKUSTIK PADA KETEBALAN BERVARIASI BERBAHAN DASAR LIMBAH KULIT JAGUNG DAN SABUT KELAPA (SOLUSI ALTERNATIF RAMAH LINGKUNGAN);JFT : Jurnal Fisika dan Terapannya;Universitas Islam Negeri Alauddin Makassar;2020-11-03;
153;S5;DOI: 10.24252/jft.v7i2.18468;APLIKASI SISTEM INFORMASI GEOGRAFI (SIG) DAN METODE GEOLISTRIK DALAM PEMBUATAN PETA RAWAN LONGSOR DI KECAMATAN ALLA KABUPATEN ENREKANG;JFT : Jurnal Fisika dan Terapannya;Universitas Islam Negeri Alauddin Makassar;2021-01-29;
154;S5;DOI: 10.24252/jft.v7i2.15921;STUDI KONDISI ANGIN DAN GELOMBANG LAUT DI PELABUHAN PANTOLOAN, PALU SULAWESI TENGAH;JFT : Jurnal Fisika dan Terapannya;Universitas Islam Negeri Alauddin Makassar;2020-12-31;
155;S4;;Pemanfaatan Kembali Pelayanan Kesehatan Oleh Pasien Umum Rawat Inap di Rumah Sakit Syekh Yusuf Tahun 2019;HIGIENE: Jurnal Kesehatan Lingkungan;Public Health Department, Universitas Islam Negeri Alauddin Makassar;2020-06-08;
156;S4;;Sumber dan Kondisi Fisik Air Bersih dengan Kejadian Diare di wilayah Kerja Puskesmas X Kabupaten Pinrang;HIGIENE: Jurnal Kesehatan Lingkungan;Public Health Department, Universitas Islam Negeri Alauddin Makassar;2020-12-25;
157;S4;;Faktor Risiko Kejadian TB Paru di Desa Gunturu Kecamatan Herlang Kabupaten Bulukumba;HIGIENE: Jurnal Kesehatan Lingkungan;Public Health Department, Universitas Islam Negeri Alauddin Makassar;2020-12-25;
158;S2;DOI: 10.33096/atestasi.v3i1.404;The Importance of Account Representative Services and Tax Law Enforcement;ATESTASI - Jurnal Ilmiah Akuntansi;Pusat Penerbitan dan Publikasi Ilmiah Fakultas Ekonomi dan Bisnis Universitas Muslim Indonesia;2020-03-19;
159;S4;DOI: 10.21831/jpai.v18i2.35345;PENGARUH BLENDED LEARNING TERHADAP AKTIVITAS BELAJAR DAN HASIL BELAJAR MAHASISWA AKUNTANSI;Jurnal Pendidikan Akuntansi Indonesia;Universitas Negeri Yogyakarta;2020-12-06;
160;S2;DOI: 10.24252/lp.2020v23n2i1.;THE EFFECTIVENESS OF THE BLENDED LEARNING MODEL ON THE STUDENTSâ CRITICAL THINKING SKILLS AND LEARNING MOTIVATION IN ACCOUNTING DEPARTMENT;Lentera Pendidikan : Jurnal Ilmu Tarbiyah dan Keguruan;Faculty of Tarbiyah and Teacher Training Universitas Islam Negeri Alauddin Makassar;2020-12-27;
161;S4;DOI: 10.24252/iqtisaduna.v6i2.19034;Infak/Sedekah di Masa Pandemi Covid-19 Dalam Kajian Akuntansi Syariah;Jurnal Iqtisaduna;Universitas Islam Negeri Alauddin Makassar;2020-12-27;
162;-;DOI: 10.24252/assets.v10i2.17558;PENGARUH KEPEMIMPINAN PEREMPUAN TERHADAP KINERJA PEGAWAI DENGAN KOMITMEN ORGANISASI SEBAGAI VARIABEL INTERVENING (Studi pada Instansi Pegawai Kabupaten Jeneponto);Assets: Jurnal Ekonomi, Manajemen, dan Akuntansi;Universitas Islam Negeri Alauddin Makassar;2020-12-07;
163;S5;DOI: 10.24252/msa.v8i1.14345;ANALISIS KEKONTINUAN FUNGSI PADA BARISAN FUNGSI KONVERGEN;Matematika dan Statistika serta Aplikasinya;Universitas Islam Negeri Alauddin Makassar;2020-07-06;
164;S5;DOI: 10.24252/msa.v8i2.14346;Analisis Prinsip Ketiga Littlewood dalam Teori Fungsi Variabel Ril;Matematika dan Statistika serta Aplikasinya;Universitas Islam Negeri Alauddin Makassar;2020-12-23;
165;S4;DOI: 10.24252/teknosains.v14i1.12944;SOLUSI PERSAMAAN DIFERENSIAL PADA SISTEM BEJANA DENGAN MENGGUNAKAN METODE TRANSFORMASI LAPLACE;Teknosains;Fakultas Sains dan Teknologi Universitas Islam Negeri Alauddin Makassar;2020-01-30;
166;S5;DOI: 10.24252/msa.v8i1.17441;Peramalan Indeks Harga Konsumen (IHK) di Sulawesi Selatan dengan Menggunakan Metode Singular Spektrum Analysis (SSA);Matematika dan Statistika serta Aplikasinya;Universitas Islam Negeri Alauddin Makassar;2020-06-17;
167;S5;DOI: 10.24252/msa.v8i2.16301;KLASIFIKASI USAHA INDUSTRI DI KABUPATEN LUWU UTARA BERDASARKAN INDIKATOR INDUSTRI KECIL DAN INDUSTRI MENENGAH MENGGUNAKAN METODE AVERAGE LINKAGE CLUSTERING;Matematika dan Statistika serta Aplikasinya;Universitas Islam Negeri Alauddin Makassar;2020-12-23;
168;S3;DOI: 10.24252/jiip.v6i1.14444;Produksi Semen Segar (Volume dan Konsentrasi) dan Beku dari Sapi Pejantan dengan Skor Kondisi Tubuh (SKT) yang Berbeda;Jurnal Ilmu dan Industri Peternakan;State Islamic University (UIN) Alauddin;2020-06-30;
169;S3;DOI: 10.24252/jiip.v6i2.18316;Penambahan Bubuk Daun Cengkeh (Syzygium aromaticum) terhadap Kualitas Daging Broiler;Jurnal Ilmu dan Industri Peternakan;State Islamic University (UIN) Alauddin;2020-12-31;
170;-;;Pergulatan dalam Memperjuangkan Dasar Negara;Al-Hikmah Journal for Religious Studies;Universitas Islam Negeri Alauddin;2020-12-11;
171;-;;Identifikasi Air Tanah Menggunakan Metode Resistivitas: Studi Kasus Desa Bonto Baddo, Kecamatan Bonto Rammba, Kabupaten Gowa;Neutrino;Publikasi dan UKI Press UKI Toraja.;2021-02-20;
172;S5;DOI: 10.24252/msa.v8i1.12866;Aplikasi Simulasi Monte Carlo Dengan Teknik Antithetic Variates Dalam Menentukan Harga Opsi Cash-or-nothing Call;Jurnal MSA ( Matematika dan Statistika serta Aplikasinya);Universitas Islam Negeri Alauddin Makassar;2020-07-06;
173;S5;DOI: 10.24252/mh.v2i2.17597;"Fenomena IkhtilÄf di Kalangan Masyarakat Islam Kota Makassar; Studi Perbandingan antara Nahdlatul Ulama dan Wahdah Islamiyah";Mazahibuna: Jurnal Perbandingan Mazhab;Universitas Islam Negeri Alauddin Makassar;2020-12-06;
174;S4;DOI: 10.24252/al-risalah.v20i2.19968;ISLAMIC LAW VIEWS ON HARSH PHYSICAL PARENTING: A Comparative Study;Al-Risalah;Universitas Islam Negeri Alauddin Makassar;2020-11-23;
175;-;DOI: 10.24252/psb.v6i1.15251;Keanekaragaman flora kandidat antioksidan dalam memperbaiki kualitas spermatozoa yang telah terpapar asap rokok;Prosiding Seminar Biologi;Jurusan Biologi, Fakultas Sains dan Teknologi, Universitas Islam Negeri Alauddin Makassar;2020-08-29;
176;S4;DOI: 10.24252/teknosains.v14i2.15417;ADAKAH HUTAN MANGROVE DI MASA DEPAN?;Teknosains;Fakultas Sains dan Teknologi Universitas Islam Negeri Alauddin Makassar;2020-07-30;
177;S4;DOI: 10.20956/pa.v4i3.8083;PENCEGAHAN STUNTING MELALUI PEMBERDAYAAN KADER PKK KECAMATAN BAREBBO DI KABUPATEN BONE;Panrita Abdi - Jurnal Pengabdian pada Masyarakat;LP2M Universitas Hasanuddin;2020-07-10;
178;S3;DOI: 10.31258/raje.3.2.79-86;Pengelolaan sampah dengan pendekatan Asset-Based Community Development (ABCD) di wilayah pesisir Bulukumba Sulawesi Selatan;Riau Journal of Empowerment;Lembaga Penelitian dan Pengabdian kepada Masyarakat Universitas Riau;2020-08-13;
179;-;DOI: 10.33369/jpmr.v5i1.10725;Pengaruh Model Pembelajaran Conncted Mathematics Project (CMP) Terhadap Kemampuan Pemahaman Konsep Matematika;Jurnal Pendidikan Matematika Raflesia;Universitas Bengkulu;2020-03-11;
180;-;DOI: 10.33369/jpmr.v5i1.10660;Pengaruh Model Pembelajaran Everyday Mathematics dan Gaya Kognitif Terhadap Kemampuan Komunikasi Matematika;Jurnal Pendidikan Matematika Raflesia;Universitas Bengkulu;2020-03-10;
181;S4;DOI: 10.33369/pendipa.4.2.40-44;Analisis High Order Thinking Skills (HOTS) Taksonomi Berpikir Kritis pada Permasalahan Fisika;PendIPA Journal of Science Education;University of Bengkulu;2020-06-02;
182;S3;DOI: 10.30598/jupitekvol3iss1pp13-22;PENGARUH MODEL PEMBELAJARAN EVERYDAY MATHEMATICS DAN GAYA KOGNITIF TERHADAP KEMAMPUAN BERPIKIR KRITIS SISWA SMA NEGERI 4 SELUMA BENGKULU;Jurnal Pendidikan Matematika (JUPITEK);Program Studi Pendidikan Matematika FKIP Universitas Pattimura;2020-05-27;
183;-;DOI: 10.33369/jpmr.v5i2.11411;Peningkatan Kemampuan Pemahaman Konsep Siswa SMP Negeri 11 Kota Bengkulu Melalui Model Pembelajaran Connected Mathematics Project (CMP);Jurnal Pendidikan Matematika Raflesia;Universitas Bengkulu;2020-06-11;
184;S4;DOI: 10.24252/jiap.v6i1.14467;PENGARUH FINANCIAL DISTRESS TERHADAP HARGA SAHAM;Jurnal Ilmiah Akuntansi Peradaban;Jurnal Ilmiah Akuntansi Peradaban;2020-06-30;
185;S5;DOI: 10.36774/jusiti.v9i2.769;Aplikasi Citra Untuk Mendeteksi dan Mengenali Warna Menggunakan Algoritma Midpoint;E-JURNAL JUSITI : Jurnal Sistem Informasi dan Teknologi Informasi;Universitas Dipa Makassar;2020-11-17;
186;-;;Pendekatan Conceptual Teaching Learning (CTL) untuk Meningkatkan Hasil dan Motivasi Belajar Mata Pelajaran Fisika;Jurnal Kinerja Kependidikan (JKK);UNIVERSITAS SERAMBI MEKKAH;2020-12-02;
187;-;;Frequency of Feeding on Body Weight and Chemical Levels of Local Goat Blood;AgriSains;FAPETKAN UNTAD;2020-04-01;
188;S3;DOI: 10.31849/elsya.v2i3.5017;The Factors Affecting Human Understanding of the Perceived World in the Novel âRoomâ by Emma Donoghue: An Analysis of the Lead Character;Elsya : Journal of English Language Studies;Lembaga Penelitian dan Pengabdian kepada Masyarakat, Universitas Lancang Kuning (LPPM - Unilak);2020-09-28;
189;-;DOI: 10.24567/aijer.v1i3.570;MENINGKATAN KREATIVITAS ANAK MELALUI TEKNIK KOLASE;ALGAZALI INTERNATIONAL JOURNAL EDUCATIONAL RESEARCH;Fakultas Keguruan dan Ilmu Penidikan UIM;2020-10-25;
190;-;DOI: 10.24567/aijer.v2i2.483;PENERAPAN METODE EKSPERIMEN DALAM UPAYA MENINGKATKAN KETERAMPILAN PROSES SAINS ANAK USIA DINI;ALGAZALI INTERNATIONAL JOURNAL EDUCATIONAL RESEARCH;Fakultas Keguruan dan Ilmu Penidikan UIM;2020-04-29;
191;S4;DOI: 10.33369/jkf.3.2.141-150;PENGARUH PENDEKATAN INTERACTIVE CONCEPTUAL INSTRUCTION (ICI) BERBANTUAN SIMULASI PHET TERHADAP HASIL BELAJAR SISWA;Jurnal Kumparan Fisika;Unib Press, Universitas Bengkulu;2020-08-31;
192;S4;DOI: 10.33369/jkf.3.3.232-238;IMPLEMENTASI MODUL IPA BERBASIS ETNOSAINS MASYARAKAT BENGKULU MATERI PENGUKURAN MELALUI DISCOVERY LEARNING UNTUK MENINGKATKAN KEMAMPUAN BERPIKIR KRITIS MAHASISWA;Jurnal Kumparan Fisika;Unib Press, Universitas Bengkulu;2020-12-29;
193;S4;;Legalitas Pelanggaran Lalu Lintas Oleh Angkot Pete-Pete di Kota Makassar;Alauddin Law Development Journal (ALDEV);Fakultas Syariah dan Hukum;2020-11-20;
194;S4;DOI: 10.47435/jle.v1i2.512;PARAPHRASING STRATEGY IN ENHANCING THE STUDENTÃ¢â¬â¢S READING COMPREHENSION;JLE: Journal of Literate of English Education Study Program;LP2M Institut Agama Islam Muhammadiyah Sinjai;2021-02-01;
195;S2;DOI: 10.24252/diwan.v6i1.12545;Ø¯Ø±Ø§Ø³Ø© ÙØµÙÙØ© Ø¹Ù Ø­ÙØ§Ø© Ø§ÙØ³Ø§Ø¨ÙÙÙ :Ø§ÙØ®Ø·ÙØ¨ Ø§ÙØ´Ø±Ø¨ÙÙÙ ÙØ¢Ø«Ø§Ø±Ù Ø§ÙØ¹ÙÙÙØ© / Al-Khatib Syarbiniy and His Scientific Implications: A Descriptive Study of The Life of Classical Scholars;Diwan : Jurnal Bahasa dan Sastra Arab;Jurusan Bahasa dan Sastra Arab Universitas Islam Negeri Alauddin Makassar;2020-06-26;
196;S5;DOI: 10.24252/mh.v2i1.14280;Ø§ÙØ¥Ø³ÙØ§Ù Ù Ø§ÙÙØ±Ø£Ø©;Mazahibuna: Jurnal Perbandingan Mazhab;Universitas Islam Negeri Alauddin Makassar;2020-06-20;
197;S2;DOI: 10.24252/jad.v20i2a3;ÙÙØ³ÙØ© Ø§ÙÙØ¬ÙØ¯ÙØ© Ø§ÙØµÙÙÙØ©Ø Ø£ØµÙÙØ§ Ø§ÙØ¯ÙÙÙ ÙÙÙÙÙ Ø§ÙØ¹ÙÙØ§Ø¡ ÙÙÙØ§;Jurnal Adabiyah: Humanities and Islamic Studies;Faculty of Adab and Humanities - Alauddin State Islamic University of Makassar;2020-12-29;
198;-;;Dimensi Islam dan Politik: Telaah Historis atas Revolusi Iran 1979;Al-Hikmah Journal for Religious Studies;Universitas Islam Negeri Alauddin;2020-12-16;
199;S3;DOI: 10.24252/Eternal.V62.2020.A12;STUDENTSâ ABILITY IN ANALYZING AMBIGUOUS PERSONAL REFERENCE IN WOMENâS MURDER CLUB: THE TRIAL NOVEL;ETERNAL (English, Teaching, Learning and Research Journal);Universitas Islam Negeri Alauddin Makassar;2020-12-31;
200;S5;DOI: 10.47435/asy-syarikah.v2i2.414;INSTRUMEN STUDI KOMPARATIF KEBIJAKAN MONETER KONVENSIONAL DAN ISLAM DALAM PENGENDALIAN INFLASI;Jurnal Asy-Syarikah: Jurnal Lembaga Keuangan, Ekonomi dan Bisnis Islam;LP2M Institut Agama Islam Muhammadiyah Sinjai;2020-09-25;
201;S5;DOI: 10.31942/iq.v7i2.3695;"Revitalisasi Pengelolaan ZISWAF untuk Pembangunan Sosial Ekonomi; Studi Fungsi Intermediasi Masjid melalui BASDAM";Jurnal Iqtisad;Universitas Wahid Hasyim Semarang;2020-12-31;
202;S3;DOI: 10.29040/jiei.v6i2.1085;Konsep Etika Bisnis Islami dalam Kitab Sahih Bukhari dan Muslim;Jurnal Ilmiah Ekonomi Islam;ITB AAS INDONESIA Surakarta;2020-06-27;
203;-;DOI: 10.47945/tasamuh.v12i2.253;Maqasid Zakat dalam Mengentaskan Kemiskinan;TASAMUH: Jurnal Studi Islam;LPPM IAIN Sorong;2020-09-14;
204;S3;DOI: 10.35905/kur.v13i1.1376;DARURAT MODERASI BERAGAMA DI TENGAH PANDEMI CORONA VIRUS DESEASE 2019 (COVID-19);KURIOSITAS: Media Komunikasi Sosial Keagamaan;LPPM IAIN Parepare;2020-06-02;
205;-;DOI: 10.35905/kur.v13i1.1376;Darurat Moderasi Beragama Di Tengah Pandemi Corona Virus Desease 2019 (Covid-19);KURIOSITAS: Media Komunikasi Sosial Keagamaan;LPPM IAIN Parepare;2020-06-02;
206;S3;DOI: 10.35905/kur.v13i1.1376;Darurat Moderasi Beragama Di Tengah Pandemi Corona Virus Desease 2019 (Covid-19);KURIOSITAS: Media Komunikasi Sosial Keagamaan;LPPM IAIN Parepare;2020-06-02;
207;S3;DOI: 10.35905/kur.v13i2.1829;Strengthening Religious Moderation in University: Initiation to Universitas Islam Negeri Alauddin Makassar;KURIOSITAS: Media Komunikasi Sosial Keagamaan;LPPM IAIN Parepare;2020-12-28;
208;S3;DOI: 10.24252/al-mashrafiyah.v4i2.14676;Uncovering Wasathiyah Values On Sharia Banking;Al-Mashrafiyah (Jurnal Ekonomi, Keuangan dan Perbankan Syariah);Universitas Islam Negeri Alauddin Makassar;2020-10-16;
209;S6;DOI: 10.24239/blc.v14i1.510;AL-DARURIYAT AL KHAMS DALAM TINDAK PIDANA PENCURIAN: (ANALISIS PUTUSAN DI PENGADILAN NEGERI PINRANG);Bilancia: Jurnal Studi Ilmu Syariah dan Hukum;Fakultas Syariah Institut Agama Islam Negeri Palu;2020-09-08;
210;S6;DOI: 10.24252/shautuna.v1i1.12422;RESTORATIVE JUSTICE DALAM UPAYA PENYELESAIAN KEJAHATAN HAK ASASI MANUSIA PERSPEKTIFHUKUM ISLAM;Shautuna: Jurnal Ilmiah Mahasiswa Perbandingan Mazhab dan Hukum;Universitas Islam Negeri Alauddin Makassar;2020-01-04;
211;-;;OPTIMALISASI FILANTROPI ISLAM UNTUK PENGEMBANGAN UMKM DI LAZISMU KOTA PAREPARE;AL AMWAL (HUKUM EKONOMI SYARIAH);STAI BHAKTI PERSADA BANDUNG;2020-02-28;
212;S4;DOI: 10.35897/iqtishodia.v5i1.263;OPTIMALISASI PERAN PEMBIAYAAN PRODUKTIF BANK SYARIAH BAGI UMKM DI INDONESIA;Iqtishodia: Jurnal Ekonomi Syariah;Department of Islamic Economic Law, Institut Agama Islam (IAI) Al-Qolam;2020-02-20;
213;-;DOI: 10.32722/eb.v19i2.3399;OPTIMALISASI PEMBIAYAAN PADA SEKTOR PRODUKTIF MIKRO DI BANK BTPN SYARIAH;Ekonomi & Bisnis;Politeknik Negeri Jakarta;2021-01-11;
214;-;DOI: 10.32722/eb.v19i2.3399;OPTIMALISASI PEMBIAYAAN PADA SEKTOR PRODUKTIF MIKRO DI BANK BTPN SYARIAH;Ekonomi & Bisnis;Politeknik Negeri Jakarta;2021-01-11;
215;S5;DOI: 10.2568/yum.v3i3.783;Pengaruh Pengelolaan Kelas dan Kinerja Guru terhadap Prestasi Belajar Peserta Didik melalui Motivasi Belajar;YUME : Journal of Management;Pascasarjana STIE Amkop Makassar;2022-02-22;
216;S4;DOI: 10.24252/teknosains.v14i2.15901;GEN REGULASI TANAMAN LOKAL INDONESIA: IMUNOMODULATOR COVID-19;Teknosains;Fakultas Sains dan Teknologi Universitas Islam Negeri Alauddin Makassar;2020-07-30;
217;S4;DOI: 10.25077/jbioua.8.2.42-47.2020;Plant Breeding Through Protoplast Fusion;Jurnal Biologi Universitas Andalas;Universitas Andalas;2020-12-31;
218;-;DOI: 10.24252/psb.v6i1.16949;Diversitas senyawa volatil dari berbagai jenis tanaman dan potensinya sebagai pengendali hama yang ramah lingkungan;Prosiding Seminar Biologi;Jurusan Biologi, Fakultas Sains dan Teknologi, Universitas Islam Negeri Alauddin Makassar;2020-11-05;
219;S3;DOI: 10.24252/al-kimia.v8i2.12840;Active Compounds Of Ethyl Acetate Extract Of Stylotella Sp. Sponges From Selayar Islands Against Mcf-7 Breast Cancer Cells;Al-Kimia;Study Program of Chemistry - Alauddin State Islamic University of Makassar;2020-12-27;
220;S3;DOI: 10.18860/al.v8i2.10213;Isolasi Senyawa Metabolit Sekunder Ekstrak Etanol Spons Stylotella sp Asal Kepulauan Selayar;ALCHEMY:Journal of Chemistry;Department of Chemistry, Faculty of Science and Technology UIN Maulana Malik Ibrahim Malan;2020-10-31;
221;S3;DOI: 10.24252/al-mashrafiyah.v4i1.12369;Tingkat Pemahaman Mahasiswa terhadap Produk-Produk Perbankan Syariah;Al-Mashrafiyah (Jurnal Ekonomi, Keuangan dan Perbankan Syariah);Universitas Islam Negeri Alauddin Makassar;2020-04-08;
222;S5;DOI: 10.31942/abd.v5i1.3334;SOSIALISASI PENTINGNYA ZAKAT DI LINGKUNGAN BONTOPARANG KELURAHAN BONTOKADATTO KECAMATAN POLONGBANGKENG SELATAN KABUPATEN TAKALAR SULAWESI SELATAN;ABDIMAS UNWAHAS;Universitas Wahid Hasyim Semarang;2020-04-26;
223;S4;DOI: 10.37146/ajie.v2i1.26;Komitmen Perusahaan Menjadi Muzakki;Al-Azhar Journal of Islamic Economics;Sekolah Tinggi Agama Islam (STAI) Al-Azhar Gowa;2020-01-21;
224;S1;DOI: 10.22146/jsp.48652;The Influence of Domestic Politics of South Korea on its Relations with North Korea and the United States;Jurnal Ilmu Sosial dan Ilmu Politik;Faculty of Social and Political Sciences, Universitas Gadjah Mada;2020-05-21;
225;S4;DOI: 10.24252/jpf.v8i1.12522;PENGEMBANGAN MODUL PEMBELAJARAN IPA FISIKA BERBASIS POP-UP BOOK;JPF (Jurnal Pendidikan Fisika) Universitas Islam Negeri Alauddin Makassar;Pendidikan Fisika UIN Alauddin Makassar;2020-03-24;
226;-;DOI: 10.47323/ujes.v1i2.27;PERBEDAAN PEMAHAMAN KONSEP FISIKA SISWA MELALUI MODEL PROBLEM-BASED LEARNING DAN PEMBELAJARAN INTERAKTIF: (Differences in Students' Understanding of Physics Concepts through the Problem-based Learning Model and Concept-based Interactive Learning);Uniqbu Journal of Exact Sciences;LPPM UNIQBU;2020-08-15;
227;S4;DOI: 10.20414/konstan.v5i2.60;PERBANDINGAN PEMAHAMAN KONSEP INTERPRETASI FISIKA ANTARA MODEL PEMBELAJARAN INKUIRI TERBIMBING DAN INKUIRI BEBAS TERMODIFIKASI;KONSTAN - JURNAL FISIKA DAN PENDIDIKAN FISIKA;Universitas Islam Negeri (UIN) Mataram;2020-12-31;
228;S5;DOI: 10.46918/karst.v3i2.729;HUBUNGAN PENALARAN FORMAL DENGAN PEMAHAMAN KONSEP FISIKA PESERTA DIDIK KELAS VIII MTsN MODEL MAKASSAR;Karst : JURNAL PENDIDIKAN FISIKA DAN TERAPANNYA;Program Studi Pendidikan Fisika FKIP Universitas Muslim Maros;2020-12-25;
229;-;DOI: 10.47323/ujes.v1i3.53;PENGARUH MODEL PEMBELAJARAN CHILDREN LEARNING IN SCIENCE (CILS) TERHADAP PEMAHAMAN KONSEP FISIKA : (The Effect of Children Learning In Science Learning Models on The Physics Concepts Understanding);Uniqbu Journal of Exact Sciences;LPPM UNIQBU;2020-12-16;
230;S2;DOI: 10.20414/ijhi.v19i1.202;DISKURSUS PRINSIP SYARIAH DALAM AKAD TRANSAKSI MURABAHAH PADA PERBANKAN SYARIAH DI MAKASSAR;istinbath;Universitas Islam Negeri Mataram;2020-07-16;
231;S5;DOI: 10.24252/mh.v2i2.17817;"Kebebasan Perempuan dalam Memilih Calon Suami; Studi Perbandingan Antara Mazhab Syafiâi Dan Hanafi";Mazahibuna: Jurnal Perbandingan Mazhab;Universitas Islam Negeri Alauddin Makassar;2020-12-17;
232;S6;DOI: 10.24252/shautuna.v1i2.13720;Probelmatika Penyembelihan Ayam Potong di Pasar Sentral Rakyat Sungguminasa Kabupaten Gowa (Standarisasi LPPOM MUI);Shautuna: Jurnal Ilmiah Mahasiswa Perbandingan Mazhab dan Hukum;Universitas Islam Negeri Alauddin Makassar;2020-05-09;
233;S6;DOI: 10.24252/shautuna.v1i3.14912;FIKIH NAZAR MENURUT MAZHAB SYAFIâI DAN MAZHAB MALIKI (Studi Kasus Pelepasan Nazar di Desa Balang Lompoa Kabupaten Jeneponto);Shautuna: Jurnal Ilmiah Mahasiswa Perbandingan Mazhab dan Hukum;Universitas Islam Negeri Alauddin Makassar;2020-07-22;
234;-;DOI: 10.52062/keuda.v5i2.1251;Studi Komparatif Pendanaan Pembangunan Daerah dengan Penerimaan Umum Daerah, Obligasi Daerah, dan Pembayaran Ketersediaan Layanan;KEUDA (Jurnal Kajian Ekonomi dan Keuangan Daerah);Universitas Cenderawasih;2020-09-03;
235;-;DOI: 10.24252/isafir.v1i2.18280;AKUNTABILITAS PENGGUNAAN ANGGARAN PADA INSTANSI PEMERINTAH BERDASARKAN PRINSIP ISLAM (STUDI: SATUAN KERJA PERANGKAT DAERAH);ISAFIR: Islamic Accounting and Finance Review;Universitas Islam Negeri Alauddin Makassar;2020-12-31;
236;S5;DOI: 10.24252/msa.v8i2.16349;KEKONGRUENAN UNTUK HASIL BAGI FERMAT MODULO;Matematika dan Statistika serta Aplikasinya;Universitas Islam Negeri Alauddin Makassar;2020-12-23;
237;S2;DOI: 10.22373/ekw.v6i1.6870;Comparison of Nata Quality From Cassava Peels (Manihot esculenta), Ladyfinger Bananas Peels (Musa acuminata Colla), and Durian Peels (Durio zibethinus);Elkawnie: Journal of Islamic Science and Technology;Universitas Islam Negeri Ar-Raniry Banda Aceh;2020-06-30;
238;S2;DOI: 10.24252/as.v12i1.14185;Eating pattern and educational history in women of childbearing age;Al-Sihah : The Public Health Science Journal;Program Studi Kesehatan Masyarakat UIN Alauddin Makassar;2020-06-30;
239;-;DOI: 10.24252/diversity.v1i1.18724;Utilization of The Chronic Disease Management Program During The Covid-19 Pandemic;Diversity: Disease Preventive of Research Integrity;Program Studi Kesehatan Masyarakat UIN Alauddin Makassar;2021-01-18;
240;S5;DOI: 10.24252/corejournal.v1i1.18358;The vulnerability level and employee preparedness index in responding to fire in mills division at pt. eastern pearl flour mills of Makassar city;CORE JOURNAL;Universitas Islam Negeri Alauddin Makassar;2020-12-29;
241;-;DOI: 10.24252/hmsj.v1i1.16448;THE DETERMINANT EFFECT OF HEALTH BPJS FEE PAYMENT ON FEE COMPLIANCE OF INDEPENDENT JKN PARTICIPANTS;Homes Journal = Hospital Management Studies Journal;Universitas Islam Negeri Alauddin Makassar;2020-10-30;
242;S3;DOI: 10.24252/mapan.2020v8n1a4;PROBLEM-BASED LEARNING WITH A SCIENTIFIC APPROACH AS A SOLUTION TO DEVELOP STUDENTS' MATHEMATICS LEARNING OUTCOMES;MaPan : Jurnal Matematika dan Pembelajaran;Jurusan Pendidikan Matematika;2020-06-29;
243;-;DOI: 10.24252/idaarah.v4i1.13602;KESESUAIAN ANTARA RENCANA PELAKSANAAN PEMBELAJARAN DENGAN PELAKSANAAN PEMBELAJARAN PADA GURU MATEMATIKA KURIKULUM 2013;Idaarah: Jurnal Manajemen Pendidikan;Universitas Islam Negeri Alauddin Makassar;2020-06-21;
244;-;DOI: 10.24252/ajme.v2i1.13600;Efektivitas Pembelajaran dengan Pendekatan Brain Based Learning terhadap Pemahaman Konsep Matematika SMP;Alauddin Journal of Mathematics Education;Department of Mathematics Education;2020-05-31;
245;S4;DOI: 10.33477/mp.v8i2.1528;THE ANALYSIS OF MATHEMATICAL PROOF ABILITY;MATEMATIKA DAN PEMBELAJARAN;IAIN Ambon;2020-12-31;
246;-;DOI: 10.24252/mapan.2020v8n2a7;THE DEVELOPMENT OF PROJECT-BASED LEARNING TOOLS IN GEOMETRIC MATERIAL;MaPan : Jurnal Matematika dan Pembelajaran;Department of Mathematics Education Faculty of Tarbiyah and Teacher Training Universitas Islam Negeri Alauddin Makassar;2020-12-30;
247;S3;DOI: 10.24252/Eternal.V61.2020.A7;THE EFFECTIVENESS OF INTUITIVE-IMITATIVE APPROACH FOR TEACHING ENGLISH PRONUNCIATION IN INDONESIA VOCATIONAL HIGH SCHOOL;ETERNAL (English, Teaching, Learning and Research Journal);Universitas Islam Negeri Alauddin Makassar;2020-06-30;
248;S3;DOI: 10.24252/Eternal.V61.2020.A10;STUDENTSâ PERCEPTION ON THE USE OF HUMOR IN ENGLISH TEACHING PROCESS;ETERNAL (English, Teaching, Learning and Research Journal);Universitas Islam Negeri Alauddin Makassar;2020-06-30;
249;S4;DOI: 10.20956/at.v13i1.228;Sorpsi Isotermi dan Daya Patah Pada Emping Jagung Pulut;Jurnal Agritechno;Depertemen Teknologi Pertanian Universitas Hasanuddin;2020-04-27;
250;S5;DOI: 10.24252/tahdis.v10i2.12466;Konsep Kecukupan Bahan Pangan Perspektif Islam;Tahdis: Jurnal Kajian Ilmu Al-Hadis;Universitas Islam Negeri Alauddin;2020-02-08;
251;S5;DOI: 10.24252/vp.v3i1.14008;Kebijakan Jogo Tonggo Pemerintah Provinsi Jawa Tengah dalam Penanganan Pandemi Covid-19;Vox Populi;ILMU POLITIK UNIVERSITAS ISLAM NEGERI (UIN) ALAUDDIN MAKASSAR;2020-06-28;
252;S5;DOI: 10.24252/tahdis.v11i1.13626;Sustainable Energi dalam Pandangan Islam;Tahdis: Jurnal Kajian Ilmu Al-Hadis;Universitas Islam Negeri Alauddin;2020-07-30;
253;-;;ETIKA PENGELOLAAN HUTAN DALAM PERSPEKTIF AL QURâAN;Jurnal Tafsere;Universitas Islam Negeri Alauddin;2021-03-25;
254;S3;DOI: 10.24252/jiip.v6i2.18317;Usaha Peternakan Sapi Perah dan olahan susu âNursiâdi Kecamatan Enrekang Kabupaten Enrekang Melalui Pemanfaatan Limbah Pertanian;Jurnal Ilmu dan Industri Peternakan;State Islamic University (UIN) Alauddin;2020-12-31;
255;S3;DOI: 10.31850/jgt.v9i3.655;Efek Daun Kelor Terhadap Ukuran Lingkar Skrotum dan Libido Sapi Bali;JURNAL GALUNG TROPIKA;Fapetrik-UMPAR;2020-12-10;
256;S4;DOI: 10.24252/instek.v5i1.13298;SISTEM PAKAR PENDETEKSI PENYAKIT PADA BALITA MENGGUNAKAN METODE COSINE SIMILARITY DAN ALGORTIMA NAZIEF ADRIANI;Jurnal INSTEK (Informatika Sains dan Teknologi);Department of informatics engineering Faculty of Science and Technology Universitas Islam Negeri Alauddin, Makassar, Indonesia;2020-03-18;
257;S5;DOI: 10.24252/insypro.v5i2.17797;Secured and Auditable Cryptography for Electronic Voting;Jurnal INSYPRO (Information System and Processing);Prodi Sistem Informasi UIN Alauddin;2020-11-30;
258;-;DOI: 10.26858/ijfs.v6i2.16880;Design dan Implementasi Verifikasi Pada Single Ballot E-Voting;Indonesian Journal of Fundamental Sciences;Universitas Negeri Makassar;2020-10-01;
259;S1;DOI: 10.11591/ijere.v9i1.20317;Islamic economic development in Indonesian Islamic higher education;International Journal of Evaluation and Research in Education (IJERE);Institute of Advanced Engineering and Science;2020-03-01;
260;S5;DOI: 10.33511/almizan.v4n1.1-16;Transformasi Ekonomi Zakat: Penerima Menjadi Wajib Zakat;Jurnal Al-Mizan;Fakultas Syariah dan Ekonomi Islam Institut Ilmu Al-Qur'an (IIQ) Jakarta;2020-02-13;
261;S5;DOI: 10.24252/msa.v8i2.16190;Distribusi Variabel Random Gabungan Waktu Hidup Masa Mendatang (Joint Distribution of Future Lifetime Random Variable);Matematika dan Statistika serta Aplikasinya;Universitas Islam Negeri Alauddin Makassar;2020-12-23;
262;-;DOI: 10.31004/abdidas.v1i6.168;Penyuluhan Minat Baca dan Pembinaan Pengelolaan Perpustakaan di Pondok Pesantren Modern Putri IMMIM Pangkep;Jurnal Abdidas;Universitas Pahlawan Tuanku Tambusai;2020-12-15;
263;-;DOI: 10.30999/n-jils.v3i2.992;PENERAPAN UNDANG-UNDANG KETERBUKAAN INFORMASI PUBLIK DI DINAS PERPUSTAKAAN DAN KEARSIPAN KABUPATEN LUWU TIMUR;Nusantara Journal of Information and Library Studies (N-JILS);Fakultas Ilmu Komunikasi Universitas Islam Nusantara;2020-12-30;
264;S5;DOI: 10.26858/jnp.v8i1.13970;PENERAPAN GERAKAN LITERASI SEKOLAH DALAM MENINGKATKAN BUDAYA LITERASI SISWA SMP DAN SMA DI BOSOWA SCHOOL MAKASSAR;JURNAL NALAR PENDIDIKAN;Lembaga Penelitian Mahasiswa Penalaran UNM;2020-06-23;
265;S3;DOI: 10.36312/e-saintika.v4i2.216;PENGARUH MEDIA PEMBELAJARAN TERHADAP MOTIVASI BELAJAR: TINJAUAN BERDASARKAN KARAKTER GENERASI Z;Jurnal Penelitian dan Pengkajian Ilmu Pendidikan: e-Saintika;Lembaga Penelitian dan Pemberdayaan Masyarakat (LITPAM);2020-07-16;
266;S3;DOI: 10.36312/e-saintika.v4i2.216;Pengaruh Media Pembelajaran terhadap Motivasi Belajar: Tinjauan berdasarkan Karakter Generasi Z;Jurnal Penelitian dan Pengkajian Ilmu Pendidikan: e-Saintika;Lembaga Penelitian dan Pemberdayaan Masyarakat (LITPAM);2020-07-16;
267;S5;DOI: 10.24252/msa.v8i2.14546;Analisis Kestabilan Model Predator Prey pada Tanaman Bambu dan Giant Panda;Jurnal MSA ( Matematika dan Statistika serta Aplikasinya);Universitas Islam Negeri Alauddin Makassar;2020-12-23;
268;S5;DOI: 10.24252/jft.v7i2.18513;SIMULASI HARDWARE IN THE LOOP UNTUK TAKE-OFF DAN LANDING OTOMATIS PADA QUADROTOR MENGGUNAKAN PIXHAWK DAN jMAVSim;JFT : Jurnal Fisika dan Terapannya;Universitas Islam Negeri Alauddin Makassar;2021-01-18;
269;S5;DOI: 10.30869/jtech.v8i2.618;Analisis Pengembangan Aplikasi Trilingual Bahasa Indonesia, Gorontalo dan Suwawa Berbasis Andorid;Jurnal Technopreneur (JTech);UPPM Politeknik Gorontalo;2020-11-24;
270;S5;DOI: 10.33096/umj.v5i2.113;Hubungan Tingkat Kepatuhan ANC dengan Kejadian Anemia, Makrosomia, dan Gemelli pada Kasus Pendarahan Postpartum;UMI Medical Journal;Fakultas Kedokteran Universitas Muslim Indonesia;2020-12-30;
271;S5;DOI: 10.36679/kedokteran.v6i1.274;HUBUNGAN LINGKAR LENGAN ATAS IBU HAMIL TERHADAP ANTROPOMETRI BAYI BARU LAHIR DI RUMAH SAKIT IBU DAN ANAK ANANDA KOTA MAKASSAR;JURNAL KEDOKTERAN;Fakultas Kedokteran Universitas Islam Al-Azhar;2020-11-03;
272;S5;DOI: 10.33772/publica.v11i1.12545;ANALISIS KINERJA ORGANISASI DALAM MENDORONG PERCEPATAN PEMBANGUNAN PEDESAAN (Studi pada Dinas Pemberdayaan Masyarakat dan Desa Kabupaten Konawe Selatan);Publica : Jurnal Administrasi Pembangunan dan Kebijakan Publik;Pascasarjana Universitas Halu Oleo;2020-04-28;
273;S4;DOI: 10.24036/abdi.v2i1.39;Pemberdayaan Keluarga Muallaf Pra-Sejahtera di Kelurahan Sumarambu Kecamatan Telluwanua Kota Palopo Provinsi Sulawesi Selatan;ABDI: Jurnal Pengabdian dan Pemberdayaan Masyarakat;Labor Jurusan Sosiologi, Fakultas Ilmu Sosial, Universitas Negeri Padang;2020-06-26;
274;-;DOI: 10.52972/hoaq.vol11no1.p39-45;IMPLEMENTASI DAN EFEKTIFITAS PENGGUNAAN MOBILE LEARNING TERHADAP HASIL BELAJAR MAHASISWA PROGRAM STUDI SISTEM INFORMASI STIKOM UYELINDO KUPANG;HOAQ (High Education of Organization Archive Quality) : Jurnal Teknologi Informasi;STIKOM Uyelindo Kupang;2020-05-31;
275;-;DOI: 10.52972/hoaq.vol11no2.p81-89;APLIKASI PENCARIAN LOKASI DAN INFORMASI TAMAN PENDIDIKAN AL-QURâAN KOTA KUPANG BERBASIS ANDROID;HOAQ (High Education of Organization Archive Quality) : Jurnal Teknologi Informasi;STIKOM Uyelindo Kupang;2020-12-10;
276;S5;DOI: 10.35334/harpodon.v13i2.1835;Analisis sekuen mtDNA COI Pari Totol Biru yang didaratkan di Tempat Pendaratan Ikan Kota Tarakan;Jurnal Harpodon Borneo;Fakultas Perikanan Dan Ilmu Kelautan Universitas Borneo Tarakan;2021-03-01;
277;-;DOI: 10.24252/isafir.v1i1.18321;PENGARUH PENGETAHUAN E-FILLING, SOSIALISASI PAJAK DAN SANKSI PERPAJAKAN TERHADAP KEPATUHAN WAJIB PAJAK DENGAN AKHLAK SEBAGAI VARIABEL MODERASI (STUDI PADA KPP PRATAMA MAKASSAR SELATAN);ISAFIR: Islamic Accounting and Finance Review;Universitas Islam Negeri Alauddin Makassar;2020-12-31;
278;S4;DOI: 10.24252/ip.v9i1.13753;KORELASI ANTARA POLA PEMBINAAN AKHLAK DENGAN PERILAKU PESERTA DIDIK KELAS XI PONDOK PESANTREN DARUL AMAN GOMBARA MAKASSAR;Inspiratif Pendidikan;Universitas Islam Negeri Alauddin Makassar;2020-05-11;
279;-;;MARITIME CULTURE IMPLEMENTATION OF THE BAJAU SETTLEMENT â A CASE STUDY OF SAMA BAHARI VILLAGE, WAKATOBI ISLANDS;Plano Madani : Jurnal Perencanaan Wilayah dan Kota;Alauddin University Press;2020-09-16;
280;S1;DOI: 10.26858/ijole.v4i3.14658;Assessing Expression in the Poetry Reading Skills of Elementary Students;International Journal of Language Education;Universitas Negeri Makassar;2020-12-30;
281;S2;DOI: 10.24252/lp.2020v23n1i1;DESCRIPTION OF STRUCTURAL OFFICERS STIFIn TEST RESULTS OF UIN ALAUDDIN MAKASSAR;Lentera Pendidikan : Jurnal Ilmu Tarbiyah dan Keguruan;Faculty of Tarbiyah and Teacher Training Universitas Islam Negeri Alauddin Makassar;2020-06-30;
282;-;DOI: 10.24252/asma.v2i2.16050;PENGEMBANGAN BAHAN AJAR BERBASIS KONSTRUKTIVISME PADA MATERI SISTEM PERSAMAAN LINEAR DUA VARIABEL;Al Asma: Journal of Islamic Education;Faculty of Tarbiyah and Teacher Training;2020-11-23;
283;-;DOI: 10.24252/asma.v2i1.13314;EFEKTIVITAS PENERAPAN MODEL PEMBELAJARAN KOOPERATIF TIPE THINK PAIR SHARE DENGAN PENDEKATAN PROBLEM POSING TERHADAP KEMAMPUAN BERPIKIR KRITIS MATEMATIS;Al Asma: Journal of Islamic Education;Faculty of Tarbiyah and Teacher Training;2020-05-31;
284;S4;DOI: 10.56324/al-musannif.v2i2.47;The Influence of Self-Concept on Deviant Behaviuor in the Students of Ternate State Islamic Institute;Al-Musannif;Madrasah Tsanawiyah DDI Cilellang;2020-12-14;
285;S3;DOI: 10.15408/empati.v9i2.18219;KEHIDUPAN ANAK TERLANTAR DI LKSA YUDA MANDIRI SOMBA OPU;EMPATI: Jurnal Ilmu Kesejahteraan Sosial;Social Welfare Study Program;2021-01-17;
286;S5;DOI: 10.24252/jft.v7i2.17486;PENGARUH PENAMBAHAN CaCO3 SEBAGAI FILTER PADA SEMEN OPC (ORDINARY PORTLAND CEMENT) TERHADAP PERFORMA SETTING TIME DAN KUAT TEKAN (STUDI KASUS PT. SEMEN INDONESIA);JFT : Jurnal Fisika dan Terapannya;Universitas Islam Negeri Alauddin Makassar;2020-12-31;
287;S3;DOI: 10.24252/ad.v9i1.12484;LAW NUMBER 19 YEAR 2008 ON THE CONCERNING STATE SHARIA BONDS (SBSN / SUKUK) LEX SPECIALIST OF LAW NO. 1 OF 2004 ON STATE TREASURY MAQASHID AL-SHARIAH PERSPECTIVE;Al Daulah : Jurnal Hukum Pidana dan Ketatanegaraan;Jurusan Hukum Tatanegara Fakultas Syari'ah dan Hukum UIN Alauddin;2020-06-19;
288;S4;DOI: 10.24252/alami.v4i1.10221;HUBUNGAN KONFORMITAS DENGAN PROKRASTINASI AKADEMIK PADA MAHASISWA DI KOTA MAKASSAR;Alami Journal (Alauddin Islamic Medical) Journal;Universitas Islam Negeri Alauddin Makassar;2020-02-10;
289;S3;DOI: 10.14421/al-athfal.2020.62-01;Seven Student Motivations for Choosing the Department of Early Childhood Teacher Education in Higher Education;Al-Athfal: Jurnal Pendidikan Anak;Islamic Early Childhood Education Study Program, Faculty of Tarbiyah and Education, UIN Sunan Kalijaga Yogyakarta;2020-12-31;
290;S4;DOI: 10.34125/kp.v5i2.517;FACTORS AND SOLUTIONS OF STUDENTS BULLYING BEHAVIOR;JURNAL KEPEMIMPINAN DAN PENGURUSAN SEKOLAH;STKIP Pesisir Selatan;2020-09-30;
291;-;;Peluang Hidrogen sebagai Bahan Bakar Alternatif di Indonesia;Al-Hikmah Journal for Religious Studies;Universitas Islam Negeri Alauddin;2020-12-21;
292;-;;PENCEGAHAN PERNIKAHAN DINI OLEH ORGANISASI KEPEMIMPINAN PEREMPUAN MUDA;Siyasatuna: Jurnal Ilmiah Mahasiswa Siyasah Syar'iyyah;SIYASATUNA : JURNAL ILMIAH MAHASISWA SIYASAH SYAR'IYYAH;2020-05-02;
293;-;;PENGELOLAAN BUMDES DALAM MEWUJUDKAN KESEJAHTERAAN MASYARAKAT DESA KALEBENTANG KABUPATEN TAKALAR;Siyasatuna: Jurnal Ilmiah Mahasiswa Siyasah Syar'iyyah;SIYASATUNA : JURNAL ILMIAH MAHASISWA SIYASAH SYAR'IYYAH;2020-09-30;
294;S4;;PERKEMBANGAN TATA GUNA LAHAN DITINJAU DARI HISTORIS KELELAWAR SEBAGAI NILAI SIMBOL DI KECAMATAN LALABATA;Geodika: Jurnal Kajian Ilmu dan Pendidikan Geografi;Program Studi Pendidikan Geografi Universitas Hamzanwadi;2020-06-29;
295;S4;DOI: 10.24252/aldev.v2i2.15399;Analisis Hukum Pemberian Remisi Dalam Tindak Pidana Pencurian;Alauddin Law Development Journal (ALDEV);Law Department, Universitas Islam Negeri Alauddin Makassar;2020-08-16;
296;-;;KEPEMILIKAN TANAH ADAT DI KABUPATEN POLEWALI MANDAR DALAM PERSPEKTIF HUKUM ISLAM;Siyasatuna: Jurnal Ilmiah Mahasiswa Siyasah Syar'iyyah;SIYASATUNA : JURNAL ILMIAH MAHASISWA SIYASAH SYAR'IYYAH;2020-04-20;
